D:/IIIT/IIIT_Shri_City/BTP/code/COMP90055_Research_Project-master/preprocess/video_224/raw/youtube/005.mp4,REAL
D:/IIIT/IIIT_Shri_City/BTP/code/COMP90055_Research_Project-master/preprocess/video_224/raw/youtube/024.mp4,REAL
D:/IIIT/IIIT_Shri_City/BTP/code/COMP90055_Research_Project-master/preprocess/video_224/raw/youtube/025.mp4,REAL
D:/IIIT/IIIT_Shri_City/BTP/code/COMP90055_Research_Project-master/preprocess/video_224/raw/youtube/036.mp4,REAL
D:/IIIT/IIIT_Shri_City/BTP/code/COMP90055_Research_Project-master/preprocess/video_224/raw/youtube/039.mp4,REAL
D:/IIIT/IIIT_Shri_City/BTP/code/COMP90055_Research_Project-master/preprocess/video_224/raw/youtube/041.mp4,REAL
D:/IIIT/IIIT_Shri_City/BTP/code/COMP90055_Research_Project-master/preprocess/video_224/raw/youtube/047.mp4,REAL
D:/IIIT/IIIT_Shri_City/BTP/code/COMP90055_Research_Project-master/preprocess/video_224/raw/youtube/056.mp4,REAL
D:/IIIT/IIIT_Shri_City/BTP/code/COMP90055_Research_Project-master/preprocess/video_224/raw/youtube/059.mp4,REAL
D:/IIIT/IIIT_Shri_City/BTP/code/COMP90055_Research_Project-master/preprocess/video_224/raw/youtube/061.mp4,REAL
D:/IIIT/IIIT_Shri_City/BTP/code/COMP90055_Research_Project-master/preprocess/video_224/raw/youtube/076.mp4,REAL
D:/IIIT/IIIT_Shri_City/BTP/code/COMP90055_Research_Project-master/preprocess/video_224/raw/youtube/079.mp4,REAL
D:/IIIT/IIIT_Shri_City/BTP/code/COMP90055_Research_Project-master/preprocess/video_224/raw/youtube/080.mp4,REAL
D:/IIIT/IIIT_Shri_City/BTP/code/COMP90055_Research_Project-master/preprocess/video_224/raw/youtube/081.mp4,REAL
D:/IIIT/IIIT_Shri_City/BTP/code/COMP90055_Research_Project-master/preprocess/video_224/raw/youtube/082.mp4,REAL
D:/IIIT/IIIT_Shri_City/BTP/code/COMP90055_Research_Project-master/preprocess/video_224/raw/youtube/087.mp4,REAL
D:/IIIT/IIIT_Shri_City/BTP/code/COMP90055_Research_Project-master/preprocess/video_224/raw/youtube/089.mp4,REAL
D:/IIIT/IIIT_Shri_City/BTP/code/COMP90055_Research_Project-master/preprocess/video_224/raw/youtube/095.mp4,REAL
D:/IIIT/IIIT_Shri_City/BTP/code/COMP90055_Research_Project-master/preprocess/video_224/raw/youtube/102.mp4,REAL
D:/IIIT/IIIT_Shri_City/BTP/code/COMP90055_Research_Project-master/preprocess/video_224/raw/youtube/106.mp4,REAL
D:/IIIT/IIIT_Shri_City/BTP/code/COMP90055_Research_Project-master/preprocess/video_224/raw/youtube/108.mp4,REAL
D:/IIIT/IIIT_Shri_City/BTP/code/COMP90055_Research_Project-master/preprocess/video_224/raw/youtube/114.mp4,REAL
D:/IIIT/IIIT_Shri_City/BTP/code/COMP90055_Research_Project-master/preprocess/video_224/raw/youtube/115.mp4,REAL
D:/IIIT/IIIT_Shri_City/BTP/code/COMP90055_Research_Project-master/preprocess/video_224/raw/youtube/118.mp4,REAL
D:/IIIT/IIIT_Shri_City/BTP/code/COMP90055_Research_Project-master/preprocess/video_224/raw/youtube/120.mp4,REAL
D:/IIIT/IIIT_Shri_City/BTP/code/COMP90055_Research_Project-master/preprocess/video_224/raw/youtube/127.mp4,REAL
D:/IIIT/IIIT_Shri_City/BTP/code/COMP90055_Research_Project-master/preprocess/video_224/raw/youtube/133.mp4,REAL
D:/IIIT/IIIT_Shri_City/BTP/code/COMP90055_Research_Project-master/preprocess/video_224/raw/youtube/142.mp4,REAL
D:/IIIT/IIIT_Shri_City/BTP/code/COMP90055_Research_Project-master/preprocess/video_224/raw/youtube/146.mp4,REAL
D:/IIIT/IIIT_Shri_City/BTP/code/COMP90055_Research_Project-master/preprocess/video_224/raw/youtube/151.mp4,REAL
D:/IIIT/IIIT_Shri_City/BTP/code/COMP90055_Research_Project-master/preprocess/video_224/raw/youtube/154.mp4,REAL
D:/IIIT/IIIT_Shri_City/BTP/code/COMP90055_Research_Project-master/preprocess/video_224/raw/youtube/155.mp4,REAL
D:/IIIT/IIIT_Shri_City/BTP/code/COMP90055_Research_Project-master/preprocess/video_224/raw/youtube/156.mp4,REAL
D:/IIIT/IIIT_Shri_City/BTP/code/COMP90055_Research_Project-master/preprocess/video_224/raw/youtube/159.mp4,REAL
D:/IIIT/IIIT_Shri_City/BTP/code/COMP90055_Research_Project-master/preprocess/video_224/raw/youtube/170.mp4,REAL
D:/IIIT/IIIT_Shri_City/BTP/code/COMP90055_Research_Project-master/preprocess/video_224/raw/youtube/171.mp4,REAL
D:/IIIT/IIIT_Shri_City/BTP/code/COMP90055_Research_Project-master/preprocess/video_224/raw/youtube/174.mp4,REAL
D:/IIIT/IIIT_Shri_City/BTP/code/COMP90055_Research_Project-master/preprocess/video_224/raw/youtube/175.mp4,REAL
D:/IIIT/IIIT_Shri_City/BTP/code/COMP90055_Research_Project-master/preprocess/video_224/raw/youtube/177.mp4,REAL
D:/IIIT/IIIT_Shri_City/BTP/code/COMP90055_Research_Project-master/preprocess/video_224/raw/youtube/189.mp4,REAL
D:/IIIT/IIIT_Shri_City/BTP/code/COMP90055_Research_Project-master/preprocess/video_224/raw/youtube/194.mp4,REAL
D:/IIIT/IIIT_Shri_City/BTP/code/COMP90055_Research_Project-master/preprocess/video_224/raw/youtube/199.mp4,REAL
D:/IIIT/IIIT_Shri_City/BTP/code/COMP90055_Research_Project-master/preprocess/video_224/raw/youtube/202.mp4,REAL
D:/IIIT/IIIT_Shri_City/BTP/code/COMP90055_Research_Project-master/preprocess/video_224/raw/youtube/205.mp4,REAL
D:/IIIT/IIIT_Shri_City/BTP/code/COMP90055_Research_Project-master/preprocess/video_224/raw/youtube/209.mp4,REAL
D:/IIIT/IIIT_Shri_City/BTP/code/COMP90055_Research_Project-master/preprocess/video_224/raw/youtube/213.mp4,REAL
D:/IIIT/IIIT_Shri_City/BTP/code/COMP90055_Research_Project-master/preprocess/video_224/raw/youtube/214.mp4,REAL
D:/IIIT/IIIT_Shri_City/BTP/code/COMP90055_Research_Project-master/preprocess/video_224/raw/youtube/226.mp4,REAL
D:/IIIT/IIIT_Shri_City/BTP/code/COMP90055_Research_Project-master/preprocess/video_224/raw/youtube/227.mp4,REAL
D:/IIIT/IIIT_Shri_City/BTP/code/COMP90055_Research_Project-master/preprocess/video_224/raw/youtube/229.mp4,REAL
D:/IIIT/IIIT_Shri_City/BTP/code/COMP90055_Research_Project-master/preprocess/video_224/raw/youtube/230.mp4,REAL
D:/IIIT/IIIT_Shri_City/BTP/code/COMP90055_Research_Project-master/preprocess/video_224/raw/youtube/240.mp4,REAL
D:/IIIT/IIIT_Shri_City/BTP/code/COMP90055_Research_Project-master/preprocess/video_224/raw/youtube/244.mp4,REAL
D:/IIIT/IIIT_Shri_City/BTP/code/COMP90055_Research_Project-master/preprocess/video_224/raw/youtube/249.mp4,REAL
D:/IIIT/IIIT_Shri_City/BTP/code/COMP90055_Research_Project-master/preprocess/video_224/raw/youtube/251.mp4,REAL
D:/IIIT/IIIT_Shri_City/BTP/code/COMP90055_Research_Project-master/preprocess/video_224/raw/youtube/254.mp4,REAL
D:/IIIT/IIIT_Shri_City/BTP/code/COMP90055_Research_Project-master/preprocess/video_224/raw/youtube/263.mp4,REAL
D:/IIIT/IIIT_Shri_City/BTP/code/COMP90055_Research_Project-master/preprocess/video_224/raw/youtube/264.mp4,REAL
D:/IIIT/IIIT_Shri_City/BTP/code/COMP90055_Research_Project-master/preprocess/video_224/raw/youtube/271.mp4,REAL
D:/IIIT/IIIT_Shri_City/BTP/code/COMP90055_Research_Project-master/preprocess/video_224/raw/youtube/273.mp4,REAL
D:/IIIT/IIIT_Shri_City/BTP/code/COMP90055_Research_Project-master/preprocess/video_224/raw/youtube/293.mp4,REAL
D:/IIIT/IIIT_Shri_City/BTP/code/COMP90055_Research_Project-master/preprocess/video_224/raw/youtube/297.mp4,REAL
D:/IIIT/IIIT_Shri_City/BTP/code/COMP90055_Research_Project-master/preprocess/video_224/raw/youtube/301.mp4,REAL
D:/IIIT/IIIT_Shri_City/BTP/code/COMP90055_Research_Project-master/preprocess/video_224/raw/youtube/308.mp4,REAL
D:/IIIT/IIIT_Shri_City/BTP/code/COMP90055_Research_Project-master/preprocess/video_224/raw/youtube/312.mp4,REAL
D:/IIIT/IIIT_Shri_City/BTP/code/COMP90055_Research_Project-master/preprocess/video_224/raw/youtube/320.mp4,REAL
D:/IIIT/IIIT_Shri_City/BTP/code/COMP90055_Research_Project-master/preprocess/video_224/raw/youtube/321.mp4,REAL
D:/IIIT/IIIT_Shri_City/BTP/code/COMP90055_Research_Project-master/preprocess/video_224/raw/youtube/323.mp4,REAL
D:/IIIT/IIIT_Shri_City/BTP/code/COMP90055_Research_Project-master/preprocess/video_224/raw/youtube/326.mp4,REAL
D:/IIIT/IIIT_Shri_City/BTP/code/COMP90055_Research_Project-master/preprocess/video_224/raw/youtube/332.mp4,REAL
D:/IIIT/IIIT_Shri_City/BTP/code/COMP90055_Research_Project-master/preprocess/video_224/raw/youtube/338.mp4,REAL
D:/IIIT/IIIT_Shri_City/BTP/code/COMP90055_Research_Project-master/preprocess/video_224/raw/youtube/342.mp4,REAL
D:/IIIT/IIIT_Shri_City/BTP/code/COMP90055_Research_Project-master/preprocess/video_224/raw/youtube/350.mp4,REAL
D:/IIIT/IIIT_Shri_City/BTP/code/COMP90055_Research_Project-master/preprocess/video_224/raw/youtube/355.mp4,REAL
D:/IIIT/IIIT_Shri_City/BTP/code/COMP90055_Research_Project-master/preprocess/video_224/raw/youtube/358.mp4,REAL
D:/IIIT/IIIT_Shri_City/BTP/code/COMP90055_Research_Project-master/preprocess/video_224/raw/youtube/367.mp4,REAL
D:/IIIT/IIIT_Shri_City/BTP/code/COMP90055_Research_Project-master/preprocess/video_224/raw/youtube/375.mp4,REAL
D:/IIIT/IIIT_Shri_City/BTP/code/COMP90055_Research_Project-master/preprocess/video_224/raw/youtube/378.mp4,REAL
D:/IIIT/IIIT_Shri_City/BTP/code/COMP90055_Research_Project-master/preprocess/video_224/raw/youtube/403.mp4,REAL
D:/IIIT/IIIT_Shri_City/BTP/code/COMP90055_Research_Project-master/preprocess/video_224/raw/youtube/405.mp4,REAL
D:/IIIT/IIIT_Shri_City/BTP/code/COMP90055_Research_Project-master/preprocess/video_224/raw/youtube/409.mp4,REAL
D:/IIIT/IIIT_Shri_City/BTP/code/COMP90055_Research_Project-master/preprocess/video_224/raw/youtube/414.mp4,REAL
D:/IIIT/IIIT_Shri_City/BTP/code/COMP90055_Research_Project-master/preprocess/video_224/raw/youtube/416.mp4,REAL
D:/IIIT/IIIT_Shri_City/BTP/code/COMP90055_Research_Project-master/preprocess/video_224/raw/youtube/417.mp4,REAL
D:/IIIT/IIIT_Shri_City/BTP/code/COMP90055_Research_Project-master/preprocess/video_224/raw/youtube/420.mp4,REAL
D:/IIIT/IIIT_Shri_City/BTP/code/COMP90055_Research_Project-master/preprocess/video_224/raw/youtube/421.mp4,REAL
D:/IIIT/IIIT_Shri_City/BTP/code/COMP90055_Research_Project-master/preprocess/video_224/raw/youtube/425.mp4,REAL
D:/IIIT/IIIT_Shri_City/BTP/code/COMP90055_Research_Project-master/preprocess/video_224/raw/youtube/429.mp4,REAL
D:/IIIT/IIIT_Shri_City/BTP/code/COMP90055_Research_Project-master/preprocess/video_224/raw/youtube/439.mp4,REAL
D:/IIIT/IIIT_Shri_City/BTP/code/COMP90055_Research_Project-master/preprocess/video_224/raw/youtube/441.mp4,REAL
D:/IIIT/IIIT_Shri_City/BTP/code/COMP90055_Research_Project-master/preprocess/video_224/raw/youtube/443.mp4,REAL
D:/IIIT/IIIT_Shri_City/BTP/code/COMP90055_Research_Project-master/preprocess/video_224/raw/youtube/448.mp4,REAL
D:/IIIT/IIIT_Shri_City/BTP/code/COMP90055_Research_Project-master/preprocess/video_224/raw/youtube/449.mp4,REAL
D:/IIIT/IIIT_Shri_City/BTP/code/COMP90055_Research_Project-master/preprocess/video_224/raw/youtube/453.mp4,REAL
D:/IIIT/IIIT_Shri_City/BTP/code/COMP90055_Research_Project-master/preprocess/video_224/raw/youtube/459.mp4,REAL
D:/IIIT/IIIT_Shri_City/BTP/code/COMP90055_Research_Project-master/preprocess/video_224/raw/youtube/473.mp4,REAL
D:/IIIT/IIIT_Shri_City/BTP/code/COMP90055_Research_Project-master/preprocess/video_224/raw/youtube/478.mp4,REAL
D:/IIIT/IIIT_Shri_City/BTP/code/COMP90055_Research_Project-master/preprocess/video_224/raw/youtube/479.mp4,REAL
D:/IIIT/IIIT_Shri_City/BTP/code/COMP90055_Research_Project-master/preprocess/video_224/raw/youtube/480.mp4,REAL
D:/IIIT/IIIT_Shri_City/BTP/code/COMP90055_Research_Project-master/preprocess/video_224/raw/youtube/481.mp4,REAL
D:/IIIT/IIIT_Shri_City/BTP/code/COMP90055_Research_Project-master/preprocess/video_224/raw/youtube/486.mp4,REAL
D:/IIIT/IIIT_Shri_City/BTP/code/COMP90055_Research_Project-master/preprocess/video_224/raw/youtube/495.mp4,REAL
D:/IIIT/IIIT_Shri_City/BTP/code/COMP90055_Research_Project-master/preprocess/video_224/raw/youtube/505.mp4,REAL
D:/IIIT/IIIT_Shri_City/BTP/code/COMP90055_Research_Project-master/preprocess/video_224/raw/youtube/509.mp4,REAL
D:/IIIT/IIIT_Shri_City/BTP/code/COMP90055_Research_Project-master/preprocess/video_224/raw/youtube/523.mp4,REAL
D:/IIIT/IIIT_Shri_City/BTP/code/COMP90055_Research_Project-master/preprocess/video_224/raw/youtube/529.mp4,REAL
D:/IIIT/IIIT_Shri_City/BTP/code/COMP90055_Research_Project-master/preprocess/video_224/raw/youtube/532.mp4,REAL
D:/IIIT/IIIT_Shri_City/BTP/code/COMP90055_Research_Project-master/preprocess/video_224/raw/youtube/533.mp4,REAL
D:/IIIT/IIIT_Shri_City/BTP/code/COMP90055_Research_Project-master/preprocess/video_224/raw/youtube/536.mp4,REAL
D:/IIIT/IIIT_Shri_City/BTP/code/COMP90055_Research_Project-master/preprocess/video_224/raw/youtube/537.mp4,REAL
D:/IIIT/IIIT_Shri_City/BTP/code/COMP90055_Research_Project-master/preprocess/video_224/raw/youtube/538.mp4,REAL
D:/IIIT/IIIT_Shri_City/BTP/code/COMP90055_Research_Project-master/preprocess/video_224/raw/youtube/551.mp4,REAL
D:/IIIT/IIIT_Shri_City/BTP/code/COMP90055_Research_Project-master/preprocess/video_224/raw/youtube/560.mp4,REAL
D:/IIIT/IIIT_Shri_City/BTP/code/COMP90055_Research_Project-master/preprocess/video_224/raw/youtube/569.mp4,REAL
D:/IIIT/IIIT_Shri_City/BTP/code/COMP90055_Research_Project-master/preprocess/video_224/raw/youtube/572.mp4,REAL
D:/IIIT/IIIT_Shri_City/BTP/code/COMP90055_Research_Project-master/preprocess/video_224/raw/youtube/584.mp4,REAL
D:/IIIT/IIIT_Shri_City/BTP/code/COMP90055_Research_Project-master/preprocess/video_224/raw/youtube/588.mp4,REAL
D:/IIIT/IIIT_Shri_City/BTP/code/COMP90055_Research_Project-master/preprocess/video_224/raw/youtube/590.mp4,REAL
D:/IIIT/IIIT_Shri_City/BTP/code/COMP90055_Research_Project-master/preprocess/video_224/raw/youtube/595.mp4,REAL
D:/IIIT/IIIT_Shri_City/BTP/code/COMP90055_Research_Project-master/preprocess/video_224/raw/youtube/596.mp4,REAL
D:/IIIT/IIIT_Shri_City/BTP/code/COMP90055_Research_Project-master/preprocess/video_224/raw/youtube/605.mp4,REAL
D:/IIIT/IIIT_Shri_City/BTP/code/COMP90055_Research_Project-master/preprocess/video_224/raw/youtube/608.mp4,REAL
D:/IIIT/IIIT_Shri_City/BTP/code/COMP90055_Research_Project-master/preprocess/video_224/raw/youtube/620.mp4,REAL
D:/IIIT/IIIT_Shri_City/BTP/code/COMP90055_Research_Project-master/preprocess/video_224/raw/youtube/626.mp4,REAL
D:/IIIT/IIIT_Shri_City/BTP/code/COMP90055_Research_Project-master/preprocess/video_224/raw/youtube/629.mp4,REAL
D:/IIIT/IIIT_Shri_City/BTP/code/COMP90055_Research_Project-master/preprocess/video_224/raw/youtube/630.mp4,REAL
D:/IIIT/IIIT_Shri_City/BTP/code/COMP90055_Research_Project-master/preprocess/video_224/raw/youtube/633.mp4,REAL
D:/IIIT/IIIT_Shri_City/BTP/code/COMP90055_Research_Project-master/preprocess/video_224/raw/youtube/637.mp4,REAL
D:/IIIT/IIIT_Shri_City/BTP/code/COMP90055_Research_Project-master/preprocess/video_224/raw/youtube/639.mp4,REAL
D:/IIIT/IIIT_Shri_City/BTP/code/COMP90055_Research_Project-master/preprocess/video_224/raw/youtube/640.mp4,REAL
D:/IIIT/IIIT_Shri_City/BTP/code/COMP90055_Research_Project-master/preprocess/video_224/raw/youtube/641.mp4,REAL
D:/IIIT/IIIT_Shri_City/BTP/code/COMP90055_Research_Project-master/preprocess/video_224/raw/youtube/648.mp4,REAL
D:/IIIT/IIIT_Shri_City/BTP/code/COMP90055_Research_Project-master/preprocess/video_224/raw/youtube/654.mp4,REAL
D:/IIIT/IIIT_Shri_City/BTP/code/COMP90055_Research_Project-master/preprocess/video_224/raw/youtube/655.mp4,REAL
D:/IIIT/IIIT_Shri_City/BTP/code/COMP90055_Research_Project-master/preprocess/video_224/raw/youtube/665.mp4,REAL
D:/IIIT/IIIT_Shri_City/BTP/code/COMP90055_Research_Project-master/preprocess/video_224/raw/youtube/671.mp4,REAL
D:/IIIT/IIIT_Shri_City/BTP/code/COMP90055_Research_Project-master/preprocess/video_224/raw/youtube/676.mp4,REAL
D:/IIIT/IIIT_Shri_City/BTP/code/COMP90055_Research_Project-master/preprocess/video_224/raw/youtube/679.mp4,REAL
D:/IIIT/IIIT_Shri_City/BTP/code/COMP90055_Research_Project-master/preprocess/video_224/raw/youtube/680.mp4,REAL
D:/IIIT/IIIT_Shri_City/BTP/code/COMP90055_Research_Project-master/preprocess/video_224/raw/youtube/685.mp4,REAL
D:/IIIT/IIIT_Shri_City/BTP/code/COMP90055_Research_Project-master/preprocess/video_224/raw/youtube/693.mp4,REAL
D:/IIIT/IIIT_Shri_City/BTP/code/COMP90055_Research_Project-master/preprocess/video_224/raw/youtube/707.mp4,REAL
D:/IIIT/IIIT_Shri_City/BTP/code/COMP90055_Research_Project-master/preprocess/video_224/raw/youtube/708.mp4,REAL
D:/IIIT/IIIT_Shri_City/BTP/code/COMP90055_Research_Project-master/preprocess/video_224/raw/youtube/710.mp4,REAL
D:/IIIT/IIIT_Shri_City/BTP/code/COMP90055_Research_Project-master/preprocess/video_224/raw/youtube/718.mp4,REAL
D:/IIIT/IIIT_Shri_City/BTP/code/COMP90055_Research_Project-master/preprocess/video_224/raw/youtube/723.mp4,REAL
D:/IIIT/IIIT_Shri_City/BTP/code/COMP90055_Research_Project-master/preprocess/video_224/raw/youtube/728.mp4,REAL
D:/IIIT/IIIT_Shri_City/BTP/code/COMP90055_Research_Project-master/preprocess/video_224/raw/youtube/733.mp4,REAL
D:/IIIT/IIIT_Shri_City/BTP/code/COMP90055_Research_Project-master/preprocess/video_224/raw/youtube/735.mp4,REAL
D:/IIIT/IIIT_Shri_City/BTP/code/COMP90055_Research_Project-master/preprocess/video_224/raw/youtube/737.mp4,REAL
D:/IIIT/IIIT_Shri_City/BTP/code/COMP90055_Research_Project-master/preprocess/video_224/raw/youtube/741.mp4,REAL
D:/IIIT/IIIT_Shri_City/BTP/code/COMP90055_Research_Project-master/preprocess/video_224/raw/youtube/742.mp4,REAL
D:/IIIT/IIIT_Shri_City/BTP/code/COMP90055_Research_Project-master/preprocess/video_224/raw/youtube/746.mp4,REAL
D:/IIIT/IIIT_Shri_City/BTP/code/COMP90055_Research_Project-master/preprocess/video_224/raw/youtube/749.mp4,REAL
D:/IIIT/IIIT_Shri_City/BTP/code/COMP90055_Research_Project-master/preprocess/video_224/raw/youtube/750.mp4,REAL
D:/IIIT/IIIT_Shri_City/BTP/code/COMP90055_Research_Project-master/preprocess/video_224/raw/youtube/753.mp4,REAL
D:/IIIT/IIIT_Shri_City/BTP/code/COMP90055_Research_Project-master/preprocess/video_224/raw/youtube/755.mp4,REAL
D:/IIIT/IIIT_Shri_City/BTP/code/COMP90055_Research_Project-master/preprocess/video_224/raw/youtube/768.mp4,REAL
D:/IIIT/IIIT_Shri_City/BTP/code/COMP90055_Research_Project-master/preprocess/video_224/raw/youtube/773.mp4,REAL
D:/IIIT/IIIT_Shri_City/BTP/code/COMP90055_Research_Project-master/preprocess/video_224/raw/youtube/784.mp4,REAL
D:/IIIT/IIIT_Shri_City/BTP/code/COMP90055_Research_Project-master/preprocess/video_224/raw/youtube/787.mp4,REAL
D:/IIIT/IIIT_Shri_City/BTP/code/COMP90055_Research_Project-master/preprocess/video_224/raw/youtube/804.mp4,REAL
D:/IIIT/IIIT_Shri_City/BTP/code/COMP90055_Research_Project-master/preprocess/video_224/raw/youtube/811.mp4,REAL
D:/IIIT/IIIT_Shri_City/BTP/code/COMP90055_Research_Project-master/preprocess/video_224/raw/youtube/820.mp4,REAL
D:/IIIT/IIIT_Shri_City/BTP/code/COMP90055_Research_Project-master/preprocess/video_224/raw/youtube/822.mp4,REAL
D:/IIIT/IIIT_Shri_City/BTP/code/COMP90055_Research_Project-master/preprocess/video_224/raw/youtube/828.mp4,REAL
D:/IIIT/IIIT_Shri_City/BTP/code/COMP90055_Research_Project-master/preprocess/video_224/raw/youtube/836.mp4,REAL
D:/IIIT/IIIT_Shri_City/BTP/code/COMP90055_Research_Project-master/preprocess/video_224/raw/youtube/847.mp4,REAL
D:/IIIT/IIIT_Shri_City/BTP/code/COMP90055_Research_Project-master/preprocess/video_224/raw/youtube/853.mp4,REAL
D:/IIIT/IIIT_Shri_City/BTP/code/COMP90055_Research_Project-master/preprocess/video_224/raw/youtube/854.mp4,REAL
D:/IIIT/IIIT_Shri_City/BTP/code/COMP90055_Research_Project-master/preprocess/video_224/raw/youtube/858.mp4,REAL
D:/IIIT/IIIT_Shri_City/BTP/code/COMP90055_Research_Project-master/preprocess/video_224/raw/youtube/863.mp4,REAL
D:/IIIT/IIIT_Shri_City/BTP/code/COMP90055_Research_Project-master/preprocess/video_224/raw/youtube/871.mp4,REAL
D:/IIIT/IIIT_Shri_City/BTP/code/COMP90055_Research_Project-master/preprocess/video_224/raw/youtube/882.mp4,REAL
D:/IIIT/IIIT_Shri_City/BTP/code/COMP90055_Research_Project-master/preprocess/video_224/raw/youtube/886.mp4,REAL
D:/IIIT/IIIT_Shri_City/BTP/code/COMP90055_Research_Project-master/preprocess/video_224/raw/youtube/887.mp4,REAL
D:/IIIT/IIIT_Shri_City/BTP/code/COMP90055_Research_Project-master/preprocess/video_224/raw/youtube/890.mp4,REAL
D:/IIIT/IIIT_Shri_City/BTP/code/COMP90055_Research_Project-master/preprocess/video_224/raw/youtube/900.mp4,REAL
D:/IIIT/IIIT_Shri_City/BTP/code/COMP90055_Research_Project-master/preprocess/video_224/raw/youtube/908.mp4,REAL
D:/IIIT/IIIT_Shri_City/BTP/code/COMP90055_Research_Project-master/preprocess/video_224/raw/youtube/915.mp4,REAL
D:/IIIT/IIIT_Shri_City/BTP/code/COMP90055_Research_Project-master/preprocess/video_224/raw/youtube/922.mp4,REAL
D:/IIIT/IIIT_Shri_City/BTP/code/COMP90055_Research_Project-master/preprocess/video_224/raw/youtube/923.mp4,REAL
D:/IIIT/IIIT_Shri_City/BTP/code/COMP90055_Research_Project-master/preprocess/video_224/raw/youtube/925.mp4,REAL
D:/IIIT/IIIT_Shri_City/BTP/code/COMP90055_Research_Project-master/preprocess/video_224/raw/youtube/927.mp4,REAL
D:/IIIT/IIIT_Shri_City/BTP/code/COMP90055_Research_Project-master/preprocess/video_224/raw/youtube/929.mp4,REAL
D:/IIIT/IIIT_Shri_City/BTP/code/COMP90055_Research_Project-master/preprocess/video_224/raw/youtube/933.mp4,REAL
D:/IIIT/IIIT_Shri_City/BTP/code/COMP90055_Research_Project-master/preprocess/video_224/raw/youtube/934.mp4,REAL
D:/IIIT/IIIT_Shri_City/BTP/code/COMP90055_Research_Project-master/preprocess/video_224/raw/youtube/944.mp4,REAL
D:/IIIT/IIIT_Shri_City/BTP/code/COMP90055_Research_Project-master/preprocess/video_224/raw/youtube/951.mp4,REAL
D:/IIIT/IIIT_Shri_City/BTP/code/COMP90055_Research_Project-master/preprocess/video_224/raw/youtube/958.mp4,REAL
D:/IIIT/IIIT_Shri_City/BTP/code/COMP90055_Research_Project-master/preprocess/video_224/raw/youtube/962.mp4,REAL
D:/IIIT/IIIT_Shri_City/BTP/code/COMP90055_Research_Project-master/preprocess/video_224/raw/youtube/963.mp4,REAL
D:/IIIT/IIIT_Shri_City/BTP/code/COMP90055_Research_Project-master/preprocess/video_224/raw/youtube/968.mp4,REAL
D:/IIIT/IIIT_Shri_City/BTP/code/COMP90055_Research_Project-master/preprocess/video_224/raw/youtube/970.mp4,REAL
D:/IIIT/IIIT_Shri_City/BTP/code/COMP90055_Research_Project-master/preprocess/video_224/raw/youtube/980.mp4,REAL
D:/IIIT/IIIT_Shri_City/BTP/code/COMP90055_Research_Project-master/preprocess/video_224/raw/youtube/983.mp4,REAL
D:/IIIT/IIIT_Shri_City/BTP/code/COMP90055_Research_Project-master/preprocess/video_224/raw/youtube/984.mp4,REAL
D:/IIIT/IIIT_Shri_City/BTP/code/COMP90055_Research_Project-master/preprocess/video_224/raw/youtube/988.mp4,REAL
D:/IIIT/IIIT_Shri_City/BTP/code/COMP90055_Research_Project-master/preprocess/video_224/raw/youtube/992.mp4,REAL
D:/IIIT/IIIT_Shri_City/BTP/code/COMP90055_Research_Project-master/preprocess/video_224/raw/youtube/997.mp4,REAL
D:/IIIT/IIIT_Shri_City/BTP/code/COMP90055_Research_Project-master/preprocess/video_224/fake/Face2Face/001_870.mp4,FAKE
D:/IIIT/IIIT_Shri_City/BTP/code/COMP90055_Research_Project-master/preprocess/video_224/fake/Face2Face/008_990.mp4,FAKE
D:/IIIT/IIIT_Shri_City/BTP/code/COMP90055_Research_Project-master/preprocess/video_224/fake/Face2Face/011_805.mp4,FAKE
D:/IIIT/IIIT_Shri_City/BTP/code/COMP90055_Research_Project-master/preprocess/video_224/fake/Face2Face/016_209.mp4,FAKE
D:/IIIT/IIIT_Shri_City/BTP/code/COMP90055_Research_Project-master/preprocess/video_224/fake/Face2Face/017_803.mp4,FAKE
D:/IIIT/IIIT_Shri_City/BTP/code/COMP90055_Research_Project-master/preprocess/video_224/fake/Face2Face/018_019.mp4,FAKE
D:/IIIT/IIIT_Shri_City/BTP/code/COMP90055_Research_Project-master/preprocess/video_224/fake/Face2Face/022_489.mp4,FAKE
D:/IIIT/IIIT_Shri_City/BTP/code/COMP90055_Research_Project-master/preprocess/video_224/fake/Face2Face/028_068.mp4,FAKE
D:/IIIT/IIIT_Shri_City/BTP/code/COMP90055_Research_Project-master/preprocess/video_224/fake/Face2Face/030_193.mp4,FAKE
D:/IIIT/IIIT_Shri_City/BTP/code/COMP90055_Research_Project-master/preprocess/video_224/fake/Face2Face/031_163.mp4,FAKE
D:/IIIT/IIIT_Shri_City/BTP/code/COMP90055_Research_Project-master/preprocess/video_224/fake/Face2Face/032_944.mp4,FAKE
D:/IIIT/IIIT_Shri_City/BTP/code/COMP90055_Research_Project-master/preprocess/video_224/fake/Face2Face/045_889.mp4,FAKE
D:/IIIT/IIIT_Shri_City/BTP/code/COMP90055_Research_Project-master/preprocess/video_224/fake/Face2Face/049_946.mp4,FAKE
D:/IIIT/IIIT_Shri_City/BTP/code/COMP90055_Research_Project-master/preprocess/video_224/fake/Face2Face/060_088.mp4,FAKE
D:/IIIT/IIIT_Shri_City/BTP/code/COMP90055_Research_Project-master/preprocess/video_224/fake/Face2Face/069_961.mp4,FAKE
D:/IIIT/IIIT_Shri_City/BTP/code/COMP90055_Research_Project-master/preprocess/video_224/fake/Face2Face/070_057.mp4,FAKE
D:/IIIT/IIIT_Shri_City/BTP/code/COMP90055_Research_Project-master/preprocess/video_224/fake/Face2Face/072_037.mp4,FAKE
D:/IIIT/IIIT_Shri_City/BTP/code/COMP90055_Research_Project-master/preprocess/video_224/fake/Face2Face/078_955.mp4,FAKE
D:/IIIT/IIIT_Shri_City/BTP/code/COMP90055_Research_Project-master/preprocess/video_224/fake/Face2Face/079_076.mp4,FAKE
D:/IIIT/IIIT_Shri_City/BTP/code/COMP90055_Research_Project-master/preprocess/video_224/fake/Face2Face/081_087.mp4,FAKE
D:/IIIT/IIIT_Shri_City/BTP/code/COMP90055_Research_Project-master/preprocess/video_224/fake/Face2Face/086_090.mp4,FAKE
D:/IIIT/IIIT_Shri_City/BTP/code/COMP90055_Research_Project-master/preprocess/video_224/fake/Face2Face/088_060.mp4,FAKE
D:/IIIT/IIIT_Shri_City/BTP/code/COMP90055_Research_Project-master/preprocess/video_224/fake/Face2Face/095_053.mp4,FAKE
D:/IIIT/IIIT_Shri_City/BTP/code/COMP90055_Research_Project-master/preprocess/video_224/fake/Face2Face/103_082.mp4,FAKE
D:/IIIT/IIIT_Shri_City/BTP/code/COMP90055_Research_Project-master/preprocess/video_224/fake/Face2Face/114_102.mp4,FAKE
D:/IIIT/IIIT_Shri_City/BTP/code/COMP90055_Research_Project-master/preprocess/video_224/fake/Face2Face/115_939.mp4,FAKE
D:/IIIT/IIIT_Shri_City/BTP/code/COMP90055_Research_Project-master/preprocess/video_224/fake/Face2Face/117_217.mp4,FAKE
D:/IIIT/IIIT_Shri_City/BTP/code/COMP90055_Research_Project-master/preprocess/video_224/fake/Face2Face/122_144.mp4,FAKE
D:/IIIT/IIIT_Shri_City/BTP/code/COMP90055_Research_Project-master/preprocess/video_224/fake/Face2Face/129_127.mp4,FAKE
D:/IIIT/IIIT_Shri_City/BTP/code/COMP90055_Research_Project-master/preprocess/video_224/fake/Face2Face/135_880.mp4,FAKE
D:/IIIT/IIIT_Shri_City/BTP/code/COMP90055_Research_Project-master/preprocess/video_224/fake/Face2Face/136_285.mp4,FAKE
D:/IIIT/IIIT_Shri_City/BTP/code/COMP90055_Research_Project-master/preprocess/video_224/fake/Face2Face/137_165.mp4,FAKE
D:/IIIT/IIIT_Shri_City/BTP/code/COMP90055_Research_Project-master/preprocess/video_224/fake/Face2Face/139_130.mp4,FAKE
D:/IIIT/IIIT_Shri_City/BTP/code/COMP90055_Research_Project-master/preprocess/video_224/fake/Face2Face/158_379.mp4,FAKE
D:/IIIT/IIIT_Shri_City/BTP/code/COMP90055_Research_Project-master/preprocess/video_224/fake/Face2Face/169_227.mp4,FAKE
D:/IIIT/IIIT_Shri_City/BTP/code/COMP90055_Research_Project-master/preprocess/video_224/fake/Face2Face/173_171.mp4,FAKE
D:/IIIT/IIIT_Shri_City/BTP/code/COMP90055_Research_Project-master/preprocess/video_224/fake/Face2Face/174_964.mp4,FAKE
D:/IIIT/IIIT_Shri_City/BTP/code/COMP90055_Research_Project-master/preprocess/video_224/fake/Face2Face/178_598.mp4,FAKE
D:/IIIT/IIIT_Shri_City/BTP/code/COMP90055_Research_Project-master/preprocess/video_224/fake/Face2Face/184_205.mp4,FAKE
D:/IIIT/IIIT_Shri_City/BTP/code/COMP90055_Research_Project-master/preprocess/video_224/fake/Face2Face/187_234.mp4,FAKE
D:/IIIT/IIIT_Shri_City/BTP/code/COMP90055_Research_Project-master/preprocess/video_224/fake/Face2Face/198_106.mp4,FAKE
D:/IIIT/IIIT_Shri_City/BTP/code/COMP90055_Research_Project-master/preprocess/video_224/fake/Face2Face/199_181.mp4,FAKE
D:/IIIT/IIIT_Shri_City/BTP/code/COMP90055_Research_Project-master/preprocess/video_224/fake/Face2Face/204_230.mp4,FAKE
D:/IIIT/IIIT_Shri_City/BTP/code/COMP90055_Research_Project-master/preprocess/video_224/fake/Face2Face/205_184.mp4,FAKE
D:/IIIT/IIIT_Shri_City/BTP/code/COMP90055_Research_Project-master/preprocess/video_224/fake/Face2Face/210_241.mp4,FAKE
D:/IIIT/IIIT_Shri_City/BTP/code/COMP90055_Research_Project-master/preprocess/video_224/fake/Face2Face/213_083.mp4,FAKE
D:/IIIT/IIIT_Shri_City/BTP/code/COMP90055_Research_Project-master/preprocess/video_224/fake/Face2Face/215_208.mp4,FAKE
D:/IIIT/IIIT_Shri_City/BTP/code/COMP90055_Research_Project-master/preprocess/video_224/fake/Face2Face/225_151.mp4,FAKE
D:/IIIT/IIIT_Shri_City/BTP/code/COMP90055_Research_Project-master/preprocess/video_224/fake/Face2Face/226_491.mp4,FAKE
D:/IIIT/IIIT_Shri_City/BTP/code/COMP90055_Research_Project-master/preprocess/video_224/fake/Face2Face/229_247.mp4,FAKE
D:/IIIT/IIIT_Shri_City/BTP/code/COMP90055_Research_Project-master/preprocess/video_224/fake/Face2Face/230_204.mp4,FAKE
D:/IIIT/IIIT_Shri_City/BTP/code/COMP90055_Research_Project-master/preprocess/video_224/fake/Face2Face/241_210.mp4,FAKE
D:/IIIT/IIIT_Shri_City/BTP/code/COMP90055_Research_Project-master/preprocess/video_224/fake/Face2Face/242_182.mp4,FAKE
D:/IIIT/IIIT_Shri_City/BTP/code/COMP90055_Research_Project-master/preprocess/video_224/fake/Face2Face/243_156.mp4,FAKE
D:/IIIT/IIIT_Shri_City/BTP/code/COMP90055_Research_Project-master/preprocess/video_224/fake/Face2Face/249_280.mp4,FAKE
D:/IIIT/IIIT_Shri_City/BTP/code/COMP90055_Research_Project-master/preprocess/video_224/fake/Face2Face/250_461.mp4,FAKE
D:/IIIT/IIIT_Shri_City/BTP/code/COMP90055_Research_Project-master/preprocess/video_224/fake/Face2Face/257_420.mp4,FAKE
D:/IIIT/IIIT_Shri_City/BTP/code/COMP90055_Research_Project-master/preprocess/video_224/fake/Face2Face/263_284.mp4,FAKE
D:/IIIT/IIIT_Shri_City/BTP/code/COMP90055_Research_Project-master/preprocess/video_224/fake/Face2Face/264_271.mp4,FAKE
D:/IIIT/IIIT_Shri_City/BTP/code/COMP90055_Research_Project-master/preprocess/video_224/fake/Face2Face/272_396.mp4,FAKE
D:/IIIT/IIIT_Shri_City/BTP/code/COMP90055_Research_Project-master/preprocess/video_224/fake/Face2Face/277_335.mp4,FAKE
D:/IIIT/IIIT_Shri_City/BTP/code/COMP90055_Research_Project-master/preprocess/video_224/fake/Face2Face/279_298.mp4,FAKE
D:/IIIT/IIIT_Shri_City/BTP/code/COMP90055_Research_Project-master/preprocess/video_224/fake/Face2Face/281_474.mp4,FAKE
D:/IIIT/IIIT_Shri_City/BTP/code/COMP90055_Research_Project-master/preprocess/video_224/fake/Face2Face/283_313.mp4,FAKE
D:/IIIT/IIIT_Shri_City/BTP/code/COMP90055_Research_Project-master/preprocess/video_224/fake/Face2Face/290_240.mp4,FAKE
D:/IIIT/IIIT_Shri_City/BTP/code/COMP90055_Research_Project-master/preprocess/video_224/fake/Face2Face/295_099.mp4,FAKE
D:/IIIT/IIIT_Shri_City/BTP/code/COMP90055_Research_Project-master/preprocess/video_224/fake/Face2Face/302_323.mp4,FAKE
D:/IIIT/IIIT_Shri_City/BTP/code/COMP90055_Research_Project-master/preprocess/video_224/fake/Face2Face/305_513.mp4,FAKE
D:/IIIT/IIIT_Shri_City/BTP/code/COMP90055_Research_Project-master/preprocess/video_224/fake/Face2Face/313_283.mp4,FAKE
D:/IIIT/IIIT_Shri_City/BTP/code/COMP90055_Research_Project-master/preprocess/video_224/fake/Face2Face/315_322.mp4,FAKE
D:/IIIT/IIIT_Shri_City/BTP/code/COMP90055_Research_Project-master/preprocess/video_224/fake/Face2Face/321_288.mp4,FAKE
D:/IIIT/IIIT_Shri_City/BTP/code/COMP90055_Research_Project-master/preprocess/video_224/fake/Face2Face/327_329.mp4,FAKE
D:/IIIT/IIIT_Shri_City/BTP/code/COMP90055_Research_Project-master/preprocess/video_224/fake/Face2Face/328_320.mp4,FAKE
D:/IIIT/IIIT_Shri_City/BTP/code/COMP90055_Research_Project-master/preprocess/video_224/fake/Face2Face/329_327.mp4,FAKE
D:/IIIT/IIIT_Shri_City/BTP/code/COMP90055_Research_Project-master/preprocess/video_224/fake/Face2Face/330_162.mp4,FAKE
D:/IIIT/IIIT_Shri_City/BTP/code/COMP90055_Research_Project-master/preprocess/video_224/fake/Face2Face/338_336.mp4,FAKE
D:/IIIT/IIIT_Shri_City/BTP/code/COMP90055_Research_Project-master/preprocess/video_224/fake/Face2Face/341_340.mp4,FAKE
D:/IIIT/IIIT_Shri_City/BTP/code/COMP90055_Research_Project-master/preprocess/video_224/fake/Face2Face/343_363.mp4,FAKE
D:/IIIT/IIIT_Shri_City/BTP/code/COMP90055_Research_Project-master/preprocess/video_224/fake/Face2Face/351_346.mp4,FAKE
D:/IIIT/IIIT_Shri_City/BTP/code/COMP90055_Research_Project-master/preprocess/video_224/fake/Face2Face/352_319.mp4,FAKE
D:/IIIT/IIIT_Shri_City/BTP/code/COMP90055_Research_Project-master/preprocess/video_224/fake/Face2Face/359_317.mp4,FAKE
D:/IIIT/IIIT_Shri_City/BTP/code/COMP90055_Research_Project-master/preprocess/video_224/fake/Face2Face/362_354.mp4,FAKE
D:/IIIT/IIIT_Shri_City/BTP/code/COMP90055_Research_Project-master/preprocess/video_224/fake/Face2Face/368_378.mp4,FAKE
D:/IIIT/IIIT_Shri_City/BTP/code/COMP90055_Research_Project-master/preprocess/video_224/fake/Face2Face/374_407.mp4,FAKE
D:/IIIT/IIIT_Shri_City/BTP/code/COMP90055_Research_Project-master/preprocess/video_224/fake/Face2Face/393_405.mp4,FAKE
D:/IIIT/IIIT_Shri_City/BTP/code/COMP90055_Research_Project-master/preprocess/video_224/fake/Face2Face/396_272.mp4,FAKE
D:/IIIT/IIIT_Shri_City/BTP/code/COMP90055_Research_Project-master/preprocess/video_224/fake/Face2Face/398_457.mp4,FAKE
D:/IIIT/IIIT_Shri_City/BTP/code/COMP90055_Research_Project-master/preprocess/video_224/fake/Face2Face/408_424.mp4,FAKE
D:/IIIT/IIIT_Shri_City/BTP/code/COMP90055_Research_Project-master/preprocess/video_224/fake/Face2Face/412_274.mp4,FAKE
D:/IIIT/IIIT_Shri_City/BTP/code/COMP90055_Research_Project-master/preprocess/video_224/fake/Face2Face/414_385.mp4,FAKE
D:/IIIT/IIIT_Shri_City/BTP/code/COMP90055_Research_Project-master/preprocess/video_224/fake/Face2Face/432_357.mp4,FAKE
D:/IIIT/IIIT_Shri_City/BTP/code/COMP90055_Research_Project-master/preprocess/video_224/fake/Face2Face/439_441.mp4,FAKE
D:/IIIT/IIIT_Shri_City/BTP/code/COMP90055_Research_Project-master/preprocess/video_224/fake/Face2Face/451_449.mp4,FAKE
D:/IIIT/IIIT_Shri_City/BTP/code/COMP90055_Research_Project-master/preprocess/video_224/fake/Face2Face/453_402.mp4,FAKE
D:/IIIT/IIIT_Shri_City/BTP/code/COMP90055_Research_Project-master/preprocess/video_224/fake/Face2Face/459_430.mp4,FAKE
D:/IIIT/IIIT_Shri_City/BTP/code/COMP90055_Research_Project-master/preprocess/video_224/fake/Face2Face/467_462.mp4,FAKE
D:/IIIT/IIIT_Shri_City/BTP/code/COMP90055_Research_Project-master/preprocess/video_224/fake/Face2Face/470_468.mp4,FAKE
D:/IIIT/IIIT_Shri_City/BTP/code/COMP90055_Research_Project-master/preprocess/video_224/fake/Face2Face/497_403.mp4,FAKE
D:/IIIT/IIIT_Shri_City/BTP/code/COMP90055_Research_Project-master/preprocess/video_224/fake/Face2Face/501_326.mp4,FAKE
D:/IIIT/IIIT_Shri_City/BTP/code/COMP90055_Research_Project-master/preprocess/video_224/fake/Face2Face/502_504.mp4,FAKE
D:/IIIT/IIIT_Shri_City/BTP/code/COMP90055_Research_Project-master/preprocess/video_224/fake/Face2Face/505_600.mp4,FAKE
D:/IIIT/IIIT_Shri_City/BTP/code/COMP90055_Research_Project-master/preprocess/video_224/fake/Face2Face/506_478.mp4,FAKE
D:/IIIT/IIIT_Shri_City/BTP/code/COMP90055_Research_Project-master/preprocess/video_224/fake/Face2Face/507_418.mp4,FAKE
D:/IIIT/IIIT_Shri_City/BTP/code/COMP90055_Research_Project-master/preprocess/video_224/fake/Face2Face/516_555.mp4,FAKE
D:/IIIT/IIIT_Shri_City/BTP/code/COMP90055_Research_Project-master/preprocess/video_224/fake/Face2Face/519_515.mp4,FAKE
D:/IIIT/IIIT_Shri_City/BTP/code/COMP90055_Research_Project-master/preprocess/video_224/fake/Face2Face/521_517.mp4,FAKE
D:/IIIT/IIIT_Shri_City/BTP/code/COMP90055_Research_Project-master/preprocess/video_224/fake/Face2Face/528_510.mp4,FAKE
D:/IIIT/IIIT_Shri_City/BTP/code/COMP90055_Research_Project-master/preprocess/video_224/fake/Face2Face/532_544.mp4,FAKE
D:/IIIT/IIIT_Shri_City/BTP/code/COMP90055_Research_Project-master/preprocess/video_224/fake/Face2Face/535_587.mp4,FAKE
D:/IIIT/IIIT_Shri_City/BTP/code/COMP90055_Research_Project-master/preprocess/video_224/fake/Face2Face/536_540.mp4,FAKE
D:/IIIT/IIIT_Shri_City/BTP/code/COMP90055_Research_Project-master/preprocess/video_224/fake/Face2Face/546_621.mp4,FAKE
D:/IIIT/IIIT_Shri_City/BTP/code/COMP90055_Research_Project-master/preprocess/video_224/fake/Face2Face/547_574.mp4,FAKE
D:/IIIT/IIIT_Shri_City/BTP/code/COMP90055_Research_Project-master/preprocess/video_224/fake/Face2Face/549_531.mp4,FAKE
D:/IIIT/IIIT_Shri_City/BTP/code/COMP90055_Research_Project-master/preprocess/video_224/fake/Face2Face/555_516.mp4,FAKE
D:/IIIT/IIIT_Shri_City/BTP/code/COMP90055_Research_Project-master/preprocess/video_224/fake/Face2Face/556_588.mp4,FAKE
D:/IIIT/IIIT_Shri_City/BTP/code/COMP90055_Research_Project-master/preprocess/video_224/fake/Face2Face/563_537.mp4,FAKE
D:/IIIT/IIIT_Shri_City/BTP/code/COMP90055_Research_Project-master/preprocess/video_224/fake/Face2Face/565_589.mp4,FAKE
D:/IIIT/IIIT_Shri_City/BTP/code/COMP90055_Research_Project-master/preprocess/video_224/fake/Face2Face/580_524.mp4,FAKE
D:/IIIT/IIIT_Shri_City/BTP/code/COMP90055_Research_Project-master/preprocess/video_224/fake/Face2Face/584_823.mp4,FAKE
D:/IIIT/IIIT_Shri_City/BTP/code/COMP90055_Research_Project-master/preprocess/video_224/fake/Face2Face/597_595.mp4,FAKE
D:/IIIT/IIIT_Shri_City/BTP/code/COMP90055_Research_Project-master/preprocess/video_224/fake/Face2Face/600_505.mp4,FAKE
D:/IIIT/IIIT_Shri_City/BTP/code/COMP90055_Research_Project-master/preprocess/video_224/fake/Face2Face/607_683.mp4,FAKE
D:/IIIT/IIIT_Shri_City/BTP/code/COMP90055_Research_Project-master/preprocess/video_224/fake/Face2Face/614_616.mp4,FAKE
D:/IIIT/IIIT_Shri_City/BTP/code/COMP90055_Research_Project-master/preprocess/video_224/fake/Face2Face/615_687.mp4,FAKE
D:/IIIT/IIIT_Shri_City/BTP/code/COMP90055_Research_Project-master/preprocess/video_224/fake/Face2Face/620_619.mp4,FAKE
D:/IIIT/IIIT_Shri_City/BTP/code/COMP90055_Research_Project-master/preprocess/video_224/fake/Face2Face/623_630.mp4,FAKE
D:/IIIT/IIIT_Shri_City/BTP/code/COMP90055_Research_Project-master/preprocess/video_224/fake/Face2Face/629_618.mp4,FAKE
D:/IIIT/IIIT_Shri_City/BTP/code/COMP90055_Research_Project-master/preprocess/video_224/fake/Face2Face/631_551.mp4,FAKE
D:/IIIT/IIIT_Shri_City/BTP/code/COMP90055_Research_Project-master/preprocess/video_224/fake/Face2Face/635_642.mp4,FAKE
D:/IIIT/IIIT_Shri_City/BTP/code/COMP90055_Research_Project-master/preprocess/video_224/fake/Face2Face/637_427.mp4,FAKE
D:/IIIT/IIIT_Shri_City/BTP/code/COMP90055_Research_Project-master/preprocess/video_224/fake/Face2Face/651_835.mp4,FAKE
D:/IIIT/IIIT_Shri_City/BTP/code/COMP90055_Research_Project-master/preprocess/video_224/fake/Face2Face/655_444.mp4,FAKE
D:/IIIT/IIIT_Shri_City/BTP/code/COMP90055_Research_Project-master/preprocess/video_224/fake/Face2Face/658_627.mp4,FAKE
D:/IIIT/IIIT_Shri_City/BTP/code/COMP90055_Research_Project-master/preprocess/video_224/fake/Face2Face/660_634.mp4,FAKE
D:/IIIT/IIIT_Shri_City/BTP/code/COMP90055_Research_Project-master/preprocess/video_224/fake/Face2Face/673_728.mp4,FAKE
D:/IIIT/IIIT_Shri_City/BTP/code/COMP90055_Research_Project-master/preprocess/video_224/fake/Face2Face/675_608.mp4,FAKE
D:/IIIT/IIIT_Shri_City/BTP/code/COMP90055_Research_Project-master/preprocess/video_224/fake/Face2Face/677_671.mp4,FAKE
D:/IIIT/IIIT_Shri_City/BTP/code/COMP90055_Research_Project-master/preprocess/video_224/fake/Face2Face/679_665.mp4,FAKE
D:/IIIT/IIIT_Shri_City/BTP/code/COMP90055_Research_Project-master/preprocess/video_224/fake/Face2Face/684_717.mp4,FAKE
D:/IIIT/IIIT_Shri_City/BTP/code/COMP90055_Research_Project-master/preprocess/video_224/fake/Face2Face/688_645.mp4,FAKE
D:/IIIT/IIIT_Shri_City/BTP/code/COMP90055_Research_Project-master/preprocess/video_224/fake/Face2Face/692_610.mp4,FAKE
D:/IIIT/IIIT_Shri_City/BTP/code/COMP90055_Research_Project-master/preprocess/video_224/fake/Face2Face/699_734.mp4,FAKE
D:/IIIT/IIIT_Shri_City/BTP/code/COMP90055_Research_Project-master/preprocess/video_224/fake/Face2Face/700_813.mp4,FAKE
D:/IIIT/IIIT_Shri_City/BTP/code/COMP90055_Research_Project-master/preprocess/video_224/fake/Face2Face/702_612.mp4,FAKE
D:/IIIT/IIIT_Shri_City/BTP/code/COMP90055_Research_Project-master/preprocess/video_224/fake/Face2Face/704_723.mp4,FAKE
D:/IIIT/IIIT_Shri_City/BTP/code/COMP90055_Research_Project-master/preprocess/video_224/fake/Face2Face/709_390.mp4,FAKE
D:/IIIT/IIIT_Shri_City/BTP/code/COMP90055_Research_Project-master/preprocess/video_224/fake/Face2Face/711_681.mp4,FAKE
D:/IIIT/IIIT_Shri_City/BTP/code/COMP90055_Research_Project-master/preprocess/video_224/fake/Face2Face/715_721.mp4,FAKE
D:/IIIT/IIIT_Shri_City/BTP/code/COMP90055_Research_Project-master/preprocess/video_224/fake/Face2Face/722_458.mp4,FAKE
D:/IIIT/IIIT_Shri_City/BTP/code/COMP90055_Research_Project-master/preprocess/video_224/fake/Face2Face/723_704.mp4,FAKE
D:/IIIT/IIIT_Shri_City/BTP/code/COMP90055_Research_Project-master/preprocess/video_224/fake/Face2Face/736_785.mp4,FAKE
D:/IIIT/IIIT_Shri_City/BTP/code/COMP90055_Research_Project-master/preprocess/video_224/fake/Face2Face/737_719.mp4,FAKE
D:/IIIT/IIIT_Shri_City/BTP/code/COMP90055_Research_Project-master/preprocess/video_224/fake/Face2Face/739_865.mp4,FAKE
D:/IIIT/IIIT_Shri_City/BTP/code/COMP90055_Research_Project-master/preprocess/video_224/fake/Face2Face/740_796.mp4,FAKE
D:/IIIT/IIIT_Shri_City/BTP/code/COMP90055_Research_Project-master/preprocess/video_224/fake/Face2Face/742_775.mp4,FAKE
D:/IIIT/IIIT_Shri_City/BTP/code/COMP90055_Research_Project-master/preprocess/video_224/fake/Face2Face/762_832.mp4,FAKE
D:/IIIT/IIIT_Shri_City/BTP/code/COMP90055_Research_Project-master/preprocess/video_224/fake/Face2Face/763_930.mp4,FAKE
D:/IIIT/IIIT_Shri_City/BTP/code/COMP90055_Research_Project-master/preprocess/video_224/fake/Face2Face/766_761.mp4,FAKE
D:/IIIT/IIIT_Shri_City/BTP/code/COMP90055_Research_Project-master/preprocess/video_224/fake/Face2Face/767_694.mp4,FAKE
D:/IIIT/IIIT_Shri_City/BTP/code/COMP90055_Research_Project-master/preprocess/video_224/fake/Face2Face/785_736.mp4,FAKE
D:/IIIT/IIIT_Shri_City/BTP/code/COMP90055_Research_Project-master/preprocess/video_224/fake/Face2Face/788_710.mp4,FAKE
D:/IIIT/IIIT_Shri_City/BTP/code/COMP90055_Research_Project-master/preprocess/video_224/fake/Face2Face/790_014.mp4,FAKE
D:/IIIT/IIIT_Shri_City/BTP/code/COMP90055_Research_Project-master/preprocess/video_224/fake/Face2Face/803_017.mp4,FAKE
D:/IIIT/IIIT_Shri_City/BTP/code/COMP90055_Research_Project-master/preprocess/video_224/fake/Face2Face/805_011.mp4,FAKE
D:/IIIT/IIIT_Shri_City/BTP/code/COMP90055_Research_Project-master/preprocess/video_224/fake/Face2Face/817_827.mp4,FAKE
D:/IIIT/IIIT_Shri_City/BTP/code/COMP90055_Research_Project-master/preprocess/video_224/fake/Face2Face/833_826.mp4,FAKE
D:/IIIT/IIIT_Shri_City/BTP/code/COMP90055_Research_Project-master/preprocess/video_224/fake/Face2Face/840_800.mp4,FAKE
D:/IIIT/IIIT_Shri_City/BTP/code/COMP90055_Research_Project-master/preprocess/video_224/fake/Face2Face/849_771.mp4,FAKE
D:/IIIT/IIIT_Shri_City/BTP/code/COMP90055_Research_Project-master/preprocess/video_224/fake/Face2Face/851_552.mp4,FAKE
D:/IIIT/IIIT_Shri_City/BTP/code/COMP90055_Research_Project-master/preprocess/video_224/fake/Face2Face/869_780.mp4,FAKE
D:/IIIT/IIIT_Shri_City/BTP/code/COMP90055_Research_Project-master/preprocess/video_224/fake/Face2Face/875_979.mp4,FAKE
D:/IIIT/IIIT_Shri_City/BTP/code/COMP90055_Research_Project-master/preprocess/video_224/fake/Face2Face/881_856.mp4,FAKE
D:/IIIT/IIIT_Shri_City/BTP/code/COMP90055_Research_Project-master/preprocess/video_224/fake/Face2Face/882_952.mp4,FAKE
D:/IIIT/IIIT_Shri_City/BTP/code/COMP90055_Research_Project-master/preprocess/video_224/fake/Face2Face/885_802.mp4,FAKE
D:/IIIT/IIIT_Shri_City/BTP/code/COMP90055_Research_Project-master/preprocess/video_224/fake/Face2Face/886_877.mp4,FAKE
D:/IIIT/IIIT_Shri_City/BTP/code/COMP90055_Research_Project-master/preprocess/video_224/fake/Face2Face/888_937.mp4,FAKE
D:/IIIT/IIIT_Shri_City/BTP/code/COMP90055_Research_Project-master/preprocess/video_224/fake/Face2Face/896_128.mp4,FAKE
D:/IIIT/IIIT_Shri_City/BTP/code/COMP90055_Research_Project-master/preprocess/video_224/fake/Face2Face/900_926.mp4,FAKE
D:/IIIT/IIIT_Shri_City/BTP/code/COMP90055_Research_Project-master/preprocess/video_224/fake/Face2Face/906_847.mp4,FAKE
D:/IIIT/IIIT_Shri_City/BTP/code/COMP90055_Research_Project-master/preprocess/video_224/fake/Face2Face/914_899.mp4,FAKE
D:/IIIT/IIIT_Shri_City/BTP/code/COMP90055_Research_Project-master/preprocess/video_224/fake/Face2Face/917_924.mp4,FAKE
D:/IIIT/IIIT_Shri_City/BTP/code/COMP90055_Research_Project-master/preprocess/video_224/fake/Face2Face/920_811.mp4,FAKE
D:/IIIT/IIIT_Shri_City/BTP/code/COMP90055_Research_Project-master/preprocess/video_224/fake/Face2Face/942_943.mp4,FAKE
D:/IIIT/IIIT_Shri_City/BTP/code/COMP90055_Research_Project-master/preprocess/video_224/fake/Face2Face/944_032.mp4,FAKE
D:/IIIT/IIIT_Shri_City/BTP/code/COMP90055_Research_Project-master/preprocess/video_224/fake/Face2Face/946_049.mp4,FAKE
D:/IIIT/IIIT_Shri_City/BTP/code/COMP90055_Research_Project-master/preprocess/video_224/fake/Face2Face/950_836.mp4,FAKE
D:/IIIT/IIIT_Shri_City/BTP/code/COMP90055_Research_Project-master/preprocess/video_224/fake/Face2Face/952_882.mp4,FAKE
D:/IIIT/IIIT_Shri_City/BTP/code/COMP90055_Research_Project-master/preprocess/video_224/fake/Face2Face/953_974.mp4,FAKE
D:/IIIT/IIIT_Shri_City/BTP/code/COMP90055_Research_Project-master/preprocess/video_224/fake/Face2Face/962_929.mp4,FAKE
D:/IIIT/IIIT_Shri_City/BTP/code/COMP90055_Research_Project-master/preprocess/video_224/fake/Face2Face/963_879.mp4,FAKE
D:/IIIT/IIIT_Shri_City/BTP/code/COMP90055_Research_Project-master/preprocess/video_224/fake/Face2Face/973_970.mp4,FAKE
D:/IIIT/IIIT_Shri_City/BTP/code/COMP90055_Research_Project-master/preprocess/video_224/fake/Face2Face/974_953.mp4,FAKE
D:/IIIT/IIIT_Shri_City/BTP/code/COMP90055_Research_Project-master/preprocess/video_224/fake/Face2Face/975_978.mp4,FAKE
D:/IIIT/IIIT_Shri_City/BTP/code/COMP90055_Research_Project-master/preprocess/video_224/fake/Face2Face/979_875.mp4,FAKE
D:/IIIT/IIIT_Shri_City/BTP/code/COMP90055_Research_Project-master/preprocess/video_224/fake/Face2Face/985_981.mp4,FAKE
D:/IIIT/IIIT_Shri_City/BTP/code/COMP90055_Research_Project-master/preprocess/video_224/fake/Face2Face/986_994.mp4,FAKE
D:/IIIT/IIIT_Shri_City/BTP/code/COMP90055_Research_Project-master/preprocess/video_224/fake/Face2Face/991_064.mp4,FAKE
D:/IIIT/IIIT_Shri_City/BTP/code/COMP90055_Research_Project-master/preprocess/video_224/fake/Face2Face/992_980.mp4,FAKE
D:/IIIT/IIIT_Shri_City/BTP/code/COMP90055_Research_Project-master/preprocess/video_224/fake/Face2Face/996_056.mp4,FAKE
D:/IIIT/IIIT_Shri_City/BTP/code/COMP90055_Research_Project-master/preprocess/video_224/fake/Face2Face/997_040.mp4,FAKE
